{"cameraMode":{"drawMode":0,"name":"Shaded","section":"Shading Mode"},"sceneLighting":false,"audioPlay":false,"sceneViewState":{"showFog":true,"showMaterialUpdate":false,"showSkybox":true,"showFlares":true,"showImageEffects":true,"showParticleSystems":true},"in2DMode":false,"pivot":{"x":-21.08056640625,"y":31.749710083007814,"z":18.528352737426759},"rotation":{"x":-0.02108553983271122,"y":0.784554123878479,"z":-0.029240047559142114,"w":-0.61982262134552},"size":0.6033942699432373,"orthographic":false}